Model,Accuracy,F1,Average
RandF,0.6369,0.7199,0.6784
AdaBoost,0.6469,0.7082,0.67755
SVM,0.6218,0.6877,0.65475
40SVM-60AdaB,0.6511,0.7117,0.6814
30SVM-70RandF,0.6462,0.7259,0.68605
70AdaB-30RandF,0.6589,0.7158,0.68735
45AdaB-55RandF,0.6578,0.7198,0.6888
