Estimator,Absolute_Position,Normalized_Position,Utterance_Length,Utterance_Length_Unique,Utterance_Length_Stemmed_Unique,Is_Starter,Thank,Exclamation_Mark,Feedback,Sentiment_Scores_NEG,Sentiment_Scores_NEU,Sentiment_Scores_POS,Opinion_Lexicon_POS,Opinion_Lexicon_NEG,Initial_Utterance_Similarity,Dialog_Similarity,Question_Mark,Duplicate,What,Where,When,Why,Who,How
AdaBoost,0.07177250994641941,0.06832678861647991,0.04986495270587923,0.05011983054613491,0.049819705267572525,0.04918985368536909,0.022265748843470563,0.020789521156615125,0.011733849310472144,0.04870102906245877,0.05726303275586015,0.06354052741088309,0.04629757340243442,0.04072149563792008,0.14671261797400909,0.06905495182698325,0.02169371338921504,0.01679994565512218,0.021922002704161184,0.011040166110700406,0.019250677074260016,0.012287581435343444,0.00768756357744488,0.023144361904791143
RandForest,0.13981532964330454,0.09067597119671378,0.05655184717416509,0.050771827484971305,0.04995602468349828,0.0942040867692877,0.019086020613414113,0.008088254538531028,0.0035425619634133387,0.039232941000850514,0.06387526014867682,0.06721972929977377,0.025523981691649437,0.02124814775966859,0.13329461982194918,0.0609616523900379,0.03530093805044306,0.008143400119428075,0.007982014058673355,0.002864335866624155,0.00681994597871454,0.003032176722606581,0.0018344577330002383,0.009974475290604535
